timestamp,dpid,rate_bps,active_path,event
1790490612.375,1,0.00,primary,
1790490613.397,1,0.00,primary,
1790490614.409,1,774.43,primary,
1790490615.391,1,0.00,primary,
1790490616.410,1,769.32,primary,
1790490617.430,1,0.00,primary,
1790490618.424,1,0.00,primary,
1790490619.422,1,0.00,primary,
1790490620.404,1,0.00,primary,
1790490621.427,1,0.00,primary,
1790490622.435,1,0.00,primary,
1790490623.418,1,0.00,primary,
1790490624.406,1,0.00,primary,
1790490625.417,1,0.00,primary,
1790490626.404,1,4492.17,primary,
1790490627.403,1,864576.41,primary,
1790490628.396,1,892354.13,primary,
1790490629.418,1,872390.82,primary,
1790490630.399,1,903462.00,primary,
1790490631.410,1,876058.08,primary,
1790490632.405,1,891641.04,primary,
1790490633.403,1,888102.81,primary,
1790490634.414,1,876044.25,primary,
1790490635.411,1,894194.05,primary,
1790490636.416,1,881903.33,primary,
1790490637.412,1,889635.25,primary,
1790490638.414,1,884776.76,primary,
1790490639.414,1,886721.98,primary,
1790490640.418,1,882783.88,primary,
1790490641.421,1,887825.17,primary,
1790490642.419,1,888247.73,primary,
1790490643.425,1,881216.45,primary,
1790490644.420,1,891110.60,primary,
1790490645.430,1,877753.89,primary,
1790490646.440,1,881214.35,primary,
1790490647.430,1,0.00,primary,
1790490648.425,1,0.00,primary,
1790490649.434,1,0.00,primary,
1790490650.432,1,0.00,primary,
1790490651.438,1,0.00,primary,
1790490652.437,1,0.00,primary,
1790490653.430,1,0.00,primary,
1790490654.000,1,0.00,backup,REROUTE->backup:app-triggered (loss=10.1% from flow 2)
1790490654.431,1,6746839.30,backup,
1790490655.438,1,6780905.87,backup,
1790490656.438,1,6835094.92,backup,
1790490657.438,1,6822315.42,backup,
1790490658.441,1,6806485.50,backup,
1790490659.437,1,6857673.28,backup,
1790490660.441,1,6806797.59,backup,
1790490661.439,1,6841537.00,backup,
1790490662.442,1,6816118.56,backup,
1790490663.443,1,6810246.69,backup,
1790490664.442,1,6839283.26,backup,
1790490665.444,1,6820433.03,backup,
1790490666.445,1,6823402.30,backup,
1790490667.449,1,6803553.55,backup,
1790490668.448,1,6834926.97,backup,
1790490669.453,1,6792604.75,backup,
1790490670.457,1,6792883.71,backup,
1790490671.450,1,6889100.24,backup,
1790490672.452,1,6813403.52,backup,
1790490673.454,1,6811136.62,backup,
1790490674.454,1,6832229.52,backup,
1790490675.453,1,6824358.97,backup,
1790490676.457,1,6807860.21,backup,
1790490677.457,1,6829220.00,backup,
1790490678.459,1,6725246.65,backup,
1790490679.460,1,0.00,backup,
1790490680.462,1,0.00,backup,
1790490681.462,1,0.00,backup,
1790490682.463,1,0.00,backup,
1790490683.463,1,0.00,backup,
1790490683.464,1,0.00,primary,"REROUTE->primary:recovered, reverting"
1790490684.465,1,0.00,primary,
1790490685.465,1,0.00,primary,
1790490686.002,1,0.00,backup,REROUTE->backup:app-triggered (loss=14.6% from flow 3)
1790490686.466,1,12348932.80,backup,
1790490687.468,1,12784394.74,backup,
1790490688.469,1,12796669.09,backup,
1790490689.472,1,12760123.87,backup,
1790490690.471,1,12821439.38,backup,
1790490691.473,1,12769963.30,backup,
1790491151.404,1,0.00,primary,
1790491152.404,1,0.00,primary,
1790491153.404,1,0.00,primary,
1790491154.405,1,0.00,primary,
1790491155.407,1,0.00,primary,
1790491156.406,1,0.00,primary,
1790491157.406,1,0.00,primary,
1790491158.406,1,0.00,primary,
1790491159.407,1,0.00,primary,
1790491160.407,1,0.00,primary,
1790491161.407,1,0.00,primary,
1790491162.408,1,0.00,primary,
1790491163.408,1,0.00,primary,
1790491164.408,1,0.00,primary,
1790491165.409,1,0.00,primary,
1790491166.410,1,0.00,primary,
1790491167.411,1,0.00,primary,
1790491168.412,1,0.00,primary,
1790491169.413,1,0.00,primary,
1790491170.413,1,0.00,primary,
1790491171.415,1,0.00,primary,
1790491172.415,1,0.00,primary,
1790491173.415,1,0.00,primary,
1790491174.415,1,0.00,primary,
1790491175.416,1,0.00,primary,
1790491176.417,1,0.00,primary,
1790491177.418,1,0.00,primary,
1790491178.419,1,0.00,primary,
1790491179.420,1,0.00,primary,
1790491180.421,1,0.00,primary,
1790491181.421,1,0.00,primary,
1790491182.421,1,0.00,primary,
1790491183.422,1,0.00,primary,
1790491184.423,1,0.00,primary,
1790491185.424,1,0.00,primary,
1790491186.425,1,0.00,primary,
1790491187.426,1,0.00,primary,
1790491188.427,1,0.00,primary,
1790491189.428,1,0.00,primary,
1790491190.429,1,0.00,primary,
1790491191.431,1,0.00,primary,
1790491192.431,1,0.00,primary,
1790491193.431,1,0.00,primary,
1790491194.432,1,0.00,primary,
1790491195.433,1,0.00,primary,
1790491196.434,1,0.00,primary,
1790491197.435,1,0.00,primary,
1790491198.436,1,0.00,primary,
1790491199.437,1,0.00,primary,
1790491200.438,1,0.00,primary,
1790491201.439,1,0.00,primary,
1790491202.439,1,0.00,primary,
1790491203.440,1,0.00,primary,
1790491204.442,1,0.00,primary,
1790491205.442,1,0.00,primary,
1790491206.443,1,0.00,primary,
1790491207.444,1,0.00,primary,
1790491208.445,1,0.00,primary,
1790491209.447,1,0.00,primary,
1790491210.447,1,0.00,primary,
1790491211.448,1,0.00,primary,
1790491212.449,1,0.00,primary,
1790491213.450,1,0.00,primary,
1790491214.451,1,0.00,primary,
1790491215.452,1,0.00,primary,
1790491216.453,1,0.00,primary,
1790491217.454,1,0.00,primary,
1790491218.455,1,0.00,primary,
1790491219.456,1,0.00,primary,
1790491220.456,1,0.00,primary,
1790491221.457,1,0.00,primary,
1790491222.457,1,0.00,primary,
1790491223.458,1,0.00,primary,
1790491224.459,1,0.00,primary,
1790491225.460,1,0.00,primary,
1790491226.461,1,0.00,primary,
1790491227.462,1,0.00,primary,
1790491228.462,1,0.00,primary,
1790491229.462,1,0.00,primary,
1790491230.463,1,0.00,primary,
1790491231.464,1,0.00,primary,
1790491232.466,1,0.00,primary,
1790491233.467,1,0.00,primary,
1790491234.468,1,0.00,primary,
1790491235.469,1,0.00,primary,
1790491236.469,1,0.00,primary,
1790491237.470,1,0.00,primary,
1790491238.470,1,0.00,primary,
1790491239.471,1,0.00,primary,
1790491240.472,1,0.00,primary,
1790491241.473,1,0.00,primary,
1790491242.474,1,0.00,primary,
1790491243.475,1,0.00,primary,
1790491244.476,1,0.00,primary,
1790491245.476,1,0.00,primary,
1790491250.484,1,-63839656.58,primary,
1790491251.484,1,0.00,primary,
1790491252.499,1,0.00,primary,
1790491253.508,1,776.71,primary,
1790491254.516,1,0.00,primary,
1790491255.500,1,796.66,primary,
1790491256.537,1,0.00,primary,
1790491257.514,1,0.00,primary,
1790491258.513,1,0.00,primary,
1790491259.503,1,0.00,primary,
1790491260.509,1,0.00,primary,
1790491261.539,1,0.00,primary,
1790491262.542,1,0.00,primary,
1790491263.572,1,0.00,primary,
1790491264.504,1,0.00,primary,
1790491265.511,1,4404.27,primary,
1790491266.514,1,857152.53,primary,
1790491267.528,1,873677.81,primary,
1790491268.515,1,898645.24,primary,
1790491269.514,1,891259.54,primary,
1790491270.515,1,885913.56,primary,
1790491271.517,1,884704.33,primary,
1790491272.515,1,888121.48,primary,
1790491273.526,1,876941.26,primary,
1790491274.520,1,896344.10,primary,
1790491275.521,1,884690.44,primary,
1790491276.521,1,887115.94,primary,
1790491277.522,1,884988.21,primary,
1790491278.525,1,884432.21,primary,
1790491279.530,1,881074.03,primary,
1790491280.530,1,891419.44,primary,
1790491281.536,1,880661.00,primary,
1790491282.536,1,886664.67,primary,
1790491283.533,1,888878.89,primary,
1790491284.534,1,885470.68,primary,
1790491285.536,1,894028.99,primary,
1790491286.538,1,0.00,primary,
1790491287.548,1,0.00,primary,
1790491288.544,1,0.00,primary,
1790491289.543,1,0.00,primary,
1790491290.546,1,0.00,primary,
1790491291.552,1,0.00,primary,
1790491292.546,1,0.00,primary,
1790491293.002,1,0.00,backup,REROUTE->backup:app-triggered (loss=8.1% from flow 2)
1790491293.549,1,8374998.76,backup,
1790491294.552,1,6811260.57,backup,
1790491295.554,1,6817485.82,backup,
1790491296.552,1,6834392.72,backup,
1790491297.553,1,6824564.40,backup,
1790491298.554,1,6821158.87,backup,
1790491299.556,1,6813199.44,backup,
1790491300.558,1,6816488.30,backup,
1790491301.562,1,6803700.57,backup,
1790491302.560,1,6837738.97,backup,
1790491303.562,1,6816814.28,backup,
1790491304.562,1,6831291.20,backup,
1790491305.568,1,6793798.07,backup,
1790491306.565,1,6844922.03,backup,
1790491307.567,1,6809076.67,backup,
1790491308.567,1,6819512.40,backup,
1790491309.569,1,6818086.09,backup,
1790491310.573,1,6805484.73,backup,
1790491311.570,1,6848567.42,backup,
1790491312.576,1,6793817.40,backup,
1790491313.576,1,6821578.67,backup,
1790491314.577,1,6823621.69,backup,
1790491315.579,1,6820793.50,backup,
1790491316.579,1,6822907.53,backup,
1790491317.580,1,5101740.20,backup,
1790491318.582,1,0.00,backup,
1790491319.582,1,0.00,backup,
1790491320.584,1,0.00,backup,
1790491321.584,1,0.00,backup,
1790491322.586,1,0.00,backup,
1790491322.586,1,0.00,primary,"REROUTE->primary:recovered, reverting"
1790491323.588,1,0.00,primary,
1790491324.586,1,0.00,primary,
1790491325.001,1,0.00,backup,REROUTE->backup:app-triggered (loss=15.4% from flow 3)
1790491325.587,1,15122248.30,backup,
1790491326.588,1,12795657.23,backup,
1790491327.589,1,12795386.00,backup,
1790491328.591,1,12786489.49,backup,
1790491329.592,1,12795999.56,backup,
1790491330.592,1,12800592.09,backup,
1790491331.594,1,12780002.95,backup,
1790491332.595,1,12799993.94,backup,
1790491333.596,1,12791449.97,backup,
1790491334.597,1,12792360.27,backup,
1790491335.597,1,12792762.62,backup,
1790491336.599,1,12788922.68,backup,
1790491337.600,1,12788386.93,backup,
1790491338.601,1,12783627.65,backup,
1790491339.601,1,12796662.43,backup,
1790491340.603,1,12789217.99,backup,
1790491341.603,1,12797489.05,backup,
1790491342.605,1,12789376.30,backup,
1790491343.606,1,12788938.29,backup,
1790491344.607,1,12795072.13,backup,
1790491345.607,1,12798821.35,backup,
1790491346.608,1,12788527.05,backup,
1790491347.609,1,12787065.06,backup,
1790491348.610,1,12796696.52,backup,
1790491349.611,1,10165711.91,backup,
1790491350.612,1,0.00,backup,
1790491351.614,1,0.00,backup,
1790491352.614,1,0.00,backup,
1790491353.616,1,0.00,backup,
1790491354.616,1,0.00,backup,
1790491354.617,1,0.00,primary,"REROUTE->primary:recovered, reverting"
1790491355.617,1,0.00,primary,
1790491356.618,1,0.00,primary,
1790491357.619,1,0.00,primary,
1790491358.620,1,0.00,primary,
1790491359.621,1,0.00,primary,
1790491360.624,1,0.00,primary,
1790491361.623,1,0.00,primary,
1790491362.624,1,0.00,primary,
1790491363.625,1,0.00,primary,
1790491364.626,1,0.00,primary,
1790491365.628,1,0.00,primary,
1790491366.629,1,0.00,primary,
1790491367.630,1,0.00,primary,
1790491368.631,1,0.00,primary,
1790491369.633,1,0.00,primary,
1790491370.633,1,0.00,primary,
1790491371.635,1,0.00,primary,
1790491372.636,1,0.00,primary,
1790491373.637,1,0.00,primary,
1790491374.637,1,0.00,primary,
1790493380.923,1,0.00,primary,
1790493381.951,1,0.00,primary,
1790493382.961,1,776.02,primary,
1790493383.946,1,795.60,primary,
1790493384.937,1,0.00,primary,
1790493385.954,1,0.00,primary,
1790493386.975,1,0.00,primary,
1790493387.965,1,0.00,primary,
1790493388.940,1,0.00,primary,
1790493389.945,1,0.00,primary,
1790493390.947,1,0.00,primary,
1790493391.946,1,0.00,primary,
1790493392.951,1,0.00,primary,
1790493393.939,1,0.00,primary,
1790493394.945,1,440535.76,primary,
1790493395.953,1,879725.98,primary,
1790493396.945,1,898121.81,primary,
1790493397.946,1,884749.39,primary,
1790493398.954,1,880167.09,primary,
1790493399.954,1,885734.37,primary,
1790493400.951,1,889271.58,primary,
1790493401.956,1,886494.96,primary,
1790493402.957,1,885366.72,primary,
1790493403.957,1,886166.75,primary,
1790493404.958,1,886045.95,primary,
1790493405.980,1,867025.23,primary,
1790493406.960,1,909002.28,primary,
1790493407.960,1,886526.18,primary,
1790493408.961,1,885471.74,primary,
1790493409.968,1,880637.22,primary,
1790493410.974,1,880736.94,primary,
1790493411.968,1,896386.89,primary,
1790493412.971,1,883741.80,primary,
1790493413.968,1,893206.04,primary,
1790493415.009,1,404726.66,primary,
1790493415.990,1,0.00,primary,
1790493416.980,1,0.00,primary,
1790493417.987,1,0.00,primary,
1790493418.985,1,0.00,primary,
1790493419.988,1,0.00,primary,
1790493420.992,1,0.00,primary,
1790493421.982,1,3453790.75,primary,
1790493422.001,1,3453790.75,backup,REROUTE->backup:app-triggered (loss=9.6% from flow 2)
1790493422.996,1,3994116.98,backup,
1790493423.994,1,6846428.47,backup,
1790493424.999,1,6792491.83,backup,
1790493425.998,1,6839439.99,backup,
1790493427.009,1,6746528.77,backup,
1790493428.022,1,6744176.58,backup,
1790493429.006,1,6944120.21,backup,
1790493430.008,1,6807860.09,backup,
1790493431.002,1,6874788.07,backup,
1790493432.023,1,6686135.98,backup,
1790493433.030,1,6783301.16,backup,
1790493434.019,1,6896980.32,backup,
1790493435.008,1,6906395.57,backup,
1790493436.021,1,6749255.70,backup,
1790493437.031,1,6763451.58,backup,
1790493438.023,1,6881209.36,backup,
1790493439.024,1,6824608.29,backup,
1790493440.046,1,6675842.92,backup,
1790493441.026,1,6975699.02,backup,
1790493442.033,1,6778084.11,backup,
1790493443.039,1,6783413.56,backup,
1790493444.038,1,6845692.41,backup,
1790493445.035,1,6844942.28,backup,
1790493446.052,1,6715192.98,backup,
1790493447.044,1,6071643.64,backup,
1790493448.059,1,0.00,backup,
1790493449.046,1,0.00,backup,
1790493450.048,1,0.00,backup,
1790493451.064,1,0.00,backup,
1790493452.042,1,0.00,backup,
1790493452.044,1,0.00,primary,"REROUTE->primary:recovered, reverting"
1790493453.048,1,0.00,primary,
1790493454.002,1,0.00,backup,REROUTE->backup:app-triggered (loss=14.1% from flow 3)
1790493454.035,1,7180647.22,backup,
1790493455.040,1,12748412.73,backup,
1790493456.053,1,12645904.30,backup,
1790493457.069,1,12609814.92,backup,
1790493458.059,1,12923931.20,backup,
1790493459.054,1,12873523.31,backup,
1790493460.094,1,12311087.66,backup,
1790493461.055,1,13327176.79,backup,
1790493462.073,1,12576064.22,backup,
1790493463.074,1,12789373.26,backup,
1790493464.067,1,12896463.48,backup,
1790493465.076,1,12687978.00,backup,
1790493466.068,1,12909821.64,backup,
1790493467.069,1,12799364.10,backup,
1790493468.072,1,12761746.54,backup,
1790493469.080,1,12717061.61,backup,
1790493470.082,1,12769471.27,backup,
1790493471.108,1,12484543.89,backup,
1790493472.104,1,12858297.24,backup,
1790493473.087,1,13024253.17,backup,
1790493474.097,1,12678298.23,backup,
1790493475.122,1,12489925.41,backup,
1790493476.084,1,13298517.25,backup,
1790493477.138,1,12160623.41,backup,
1790493478.116,1,13097671.02,backup,
1790493479.081,1,5601973.44,backup,
1790493480.087,1,0.00,backup,
1790493481.124,1,0.00,backup,
1790493482.119,1,0.00,backup,
1790493483.129,1,0.00,backup,
1790493484.122,1,0.00,backup,
1790493484.122,1,0.00,primary,"REROUTE->primary:recovered, reverting"
1790493485.103,1,0.00,primary,
1790493486.109,1,0.00,primary,
1790493487.110,1,0.00,primary,
1790493488.140,1,0.00,primary,
1790493489.132,1,0.00,primary,
1790497695.710,1,633002.99,primary,
1790497696.713,1,883552.15,primary,
1790497697.714,1,885653.98,primary,
1790497698.714,1,891633.01,primary,
1790497699.727,1,874275.05,primary,
1790497700.717,1,895786.06,primary,
1790497701.723,1,880457.86,primary,
1790497702.723,1,887036.15,primary,
1790497703.719,1,889312.64,primary,
1790497704.734,1,878460.30,primary,
1790497705.723,1,896236.52,primary,
1790497706.725,1,884139.64,primary,
1790497707.734,1,879570.30,primary,
1790497708.733,1,886449.45,primary,
1790497709.737,1,883101.56,primary,
1790497710.737,1,890104.73,primary,
1790497711.744,1,880959.83,primary,
1790497712.740,1,889432.42,primary,
1790497713.742,1,884726.23,primary,
1790497714.748,1,881154.42,primary,
1790497715.753,1,238110.12,primary,
1790497716.749,1,0.00,primary,
1790497717.759,1,0.00,primary,
1790497718.761,1,0.00,primary,
1790497719.767,1,0.00,primary,
1790497720.763,1,0.00,primary,
1790497721.777,1,0.00,primary,
1790497722.764,1,4761069.41,primary,
1790497722.764,1,4761069.41,backup,REROUTE->backup:poll-triggered (4.76 Mbps)
1790497723.785,1,8072315.78,backup,
1790497724.773,1,6912047.21,backup,
1790497725.779,1,3425701.81,backup,
1790497726.792,1,6746152.03,backup,
1790497727.783,1,6884585.80,backup,
1790497728.787,1,6806221.94,backup,
1790497729.809,1,6692097.00,backup,
1790497730.814,1,10179991.83,backup,
1790497731.806,1,6883335.37,backup,
1790497732.795,1,6908725.42,backup,
1790497733.806,1,3377012.04,backup,
1790497734.797,1,6885648.03,backup,
1790497735.797,1,6830770.03,backup,
1790497736.804,1,10172627.36,backup,
1790497737.799,1,6865682.80,backup,
1790497738.833,1,6603594.41,backup,
1790497739.830,1,6851849.62,backup,
1790497740.820,1,6905316.94,backup,
1790497741.849,1,6630381.07,backup,
1790497742.882,1,6609826.88,backup,
1790497743.846,1,7086084.58,backup,
1790497744.877,1,6622137.38,backup,
1790497745.827,1,7194550.67,backup,
1790497746.828,1,6814547.75,backup,
1790497747.858,1,496589.69,backup,
1790497748.825,1,0.00,backup,
1790497749.853,1,0.00,backup,
1790497750.816,1,0.00,backup,
1790497751.912,1,0.00,backup,
1790497751.912,1,0.00,primary,"REROUTE->primary:recovered, reverting"
1790497752.900,1,0.00,primary,
1790497753.828,1,0.00,primary,
1790497754.813,1,6483544.86,primary,
1790497754.813,1,6483544.86,backup,REROUTE->backup:poll-triggered (6.48 Mbps)
1790497755.813,1,11499479.53,backup,
1790497756.845,1,18615867.01,backup,
1790497757.842,1,6423241.96,backup,
1790497758.830,1,19437079.16,backup,
1790497759.831,1,12798007.31,backup,
1790497760.835,1,12765023.48,backup,
1790497761.839,1,12732611.23,backup,
1790497762.848,1,12706502.51,backup,
1790497763.879,1,12424947.37,backup,
1790497764.877,1,12823329.49,backup,
1790497765.841,1,13278152.27,backup,
1790497766.837,1,12851013.33,backup,
1790497767.896,1,12099209.28,backup,
1790497768.911,1,12607749.23,backup,
1790497769.845,1,13731311.59,backup,
1790497770.916,1,11958669.07,backup,
1790497771.874,1,13358149.53,backup,
1790497772.916,1,12285585.63,backup,
1790497773.867,1,13456802.78,backup,
1790497774.930,1,12054567.75,backup,
1790497775.857,1,13813495.02,backup,
1790497776.928,1,11954866.58,backup,
1790497777.860,1,13740751.65,backup,
1790497778.901,1,12297374.89,backup,
1790497779.870,1,1038888.15,backup,
1790497780.900,1,0.00,backup,
1790497781.882,1,0.00,backup,
1790497782.856,1,0.00,backup,
1790497783.915,1,0.00,backup,
1790497783.915,1,0.00,primary,"REROUTE->primary:recovered, reverting"
1790497784.910,1,0.00,primary,
1790497785.875,1,0.00,primary,
1790497786.900,1,0.00,primary,
1790497787.913,1,0.00,primary,
1790497788.871,1,0.00,primary,
