flow_id,expected,received,lost,loss_pct,duration_s,throughput_bps
1,4000,3990,10,0.25,20.0154,816525.29
2,20000,19914,86,0.43,24.9205,6546242.74
1,4000,3985,15,0.38,20.0040,815966.27
2,20000,19943,57,0.29,24.9142,6557433.15
3,37503,37233,270,0.72,24.9231,12238135.62
1,4000,3981,19,0.47,20.0020,815227.68
2,20000,19955,45,0.22,24.9094,6562647.07
3,37503,37314,189,0.50,24.9084,12272034.25
1,4000,3992,8,0.20,20.0991,813530.22
2,20000,19921,79,0.40,24.9051,6552597.97
3,37503,37121,382,1.02,24.9274,12199250.27
