second,packets,bytes,throughput_bps
1790497694,33,16896,135168
1790497695,195,99840,798720
1790497696,197,100864,806912
1790497697,198,101376,811008
1790497698,197,100864,806912
1790497699,198,101376,811008
1790497700,199,101888,815104
1790497701,196,100352,802816
1790497702,201,102912,823296
1790497703,200,102400,819200
1790497704,199,101888,815104
1790497705,200,102400,819200
1790497706,198,101376,811008
1790497707,200,102400,819200
1790497708,199,101888,815104
1790497709,200,102400,819200
1790497710,200,102400,819200
1790497711,198,101376,811008
1790497712,198,101376,811008
1790497713,201,102912,823296
1790497714,185,94720,757760
